<?xml version="1.0" encoding="utf-8"?>
<CompatReport xmlns="http://www.microsoft.com/ApplicationExperience/UpgradeAdvisor/01012009"><System X64Capable="True" X64Running="True"/><Hardware><HardwareItem HardwareType="Setup_HostIsNewer"><CompatibilityInfo BlockingType="None"/></HardwareItem><HardwareItem HardwareType="Setup_NonStandardDirectory"><CompatibilityInfo BlockingType="None"/></HardwareItem><HardwareItem HardwareType="Setup_HostIsOldPrerelease"><CompatibilityInfo BlockingType="None"/></HardwareItem><HardwareItem HardwareType="Setup_MismatchedLanguage"><CompatibilityInfo BlockingType="None"/></HardwareItem><HardwareItem HardwareType="Setup_MismatchedBuildType"><CompatibilityInfo BlockingType="None"/></HardwareItem><HardwareItem HardwareType="Setup_UpgradeDisabled"><CompatibilityInfo BlockingType="None"/></HardwareItem></Hardware></CompatReport>
