<?xml version="1.0" encoding="utf-8"?>
<CompatReport xmlns="http://www.microsoft.com/ApplicationExperience/UpgradeAdvisor/01012009"><System X64Capable="True" X64Running="True"/><Hardware><HardwareItem HardwareType="Setup_HostIsBootedFromVHD"><CompatibilityInfo BlockingType="None"/></HardwareItem><HardwareItem HardwareType="Setup_HostIsBootedFromPortableWorkspace"><CompatibilityInfo BlockingType="None"/></HardwareItem><HardwareItem HardwareType="Setup_HostIsBootedFromAuditMode"><CompatibilityInfo BlockingType="None"/></HardwareItem><HardwareItem HardwareType="Setup_HostIsUEFICompliant"><CompatibilityInfo BlockingType="None"/></HardwareItem><HardwareItem HardwareType="Setup_SafeMode"><CompatibilityInfo BlockingType="None"/></HardwareItem><HardwareItem HardwareType="Setup_HostIsNonStagedBuild"><CompatibilityInfo BlockingType="None"/></HardwareItem><HardwareItem HardwareType="Setup_InsufficientDiskSpace"><CompatibilityInfo BlockingType="None"/></HardwareItem></Hardware><SystemInfo UplevelEdition="Windows 10" OSMajorVersion="10" OSMinorVersion="0"/>
</CompatReport>
